Date,Open,High,Low,Close
3/25/2019,118.2,119.5,118.2,118.81
3/26/2019,124,124,119,120.39
3/27/2019,120,121,119.92,120.1
3/28/2019,120.1,121.5,120.1,120.98
3/29/2019,125.5,125.5,121.07,122.06
04/01/19,122.4,123.26,121.8,122.08
04/02/19,120.3,122.7,120.3,122.53
04/03/19,122.6,123.3,122,122.15
04/04/19,122.3,122.33,121.51,121.81
04/05/19,123.5,126.5,121.5,122.5
04/08/19,122.5,122.79,121.27,121.95
04/09/19,122,122.7,121.31,122.45
04/10/19,122.4,122.67,121.53,121.66
04/11/19,124.2,124.2,121.36,121.69
04/12/19,121.9,122.5,121.6,122.41
4/15/2019,121.5,122.95,120,122.88
4/16/2019,123,124.05,122.8,123.75
4/18/2019,124,124.24,123.18,123.47
4/22/2019,123.2,123.2,121.61,121.87
4/23/2019,121.9,122.3,121.6,121.7
4/24/2019,121.8,123.19,121.18,122.94
4/25/2019,122.94,123.9,122.2,122.43
4/26/2019,122.8,123.5,122.51,123.39
4/30/2019,124.8,124.8,122.39,123.41
05/02/19,123.6,123.8,122.91,123.18
05/03/19,124.07,124.8,122.9,122.99
05/06/19,124.3,124.9,121.54,121.83
05/07/19,123,123,120.69,120.9
05/08/19,122.2,122.6,119.31,119.53
05/09/19,121.79,121.79,118.2,118.46
05/10/19,118.7,119.32,118.31,118.5
5/13/2019,119.95,119.95,117,117.22
5/14/2019,117.51,118.75,116.7,117.86
5/15/2019,117.9,118.67,117.22,117.5
5/16/2019,117.5,118.5,117.11,118.06
5/17/2019,118.15,119.7,118.1,119.63
5/20/2019,122.4,124.34,120.5,123.93
5/21/2019,124.4,124.69,122.8,123.07
5/22/2019,124.49,124.49,122.65,123.31
5/23/2019,124.8,126.3,122.11,122.6
5/24/2019,122.7,124.73,122.51,124.55
5/27/2019,124.99,125.3,124,125.03
5/28/2019,125.3,125.6,124.5,125.18
5/29/2019,124.71,125.37,124.34,124.75
5/30/2019,125.05,125.8,124.42,125.48
5/31/2019,125.5,126.48,124.74,125.25
06/03/19,126,127,124.83,126.8
06/04/19,126.8,127.9,126.2,126.59
06/06/19,126.6,126.6,124.55,124.68
06/07/19,124.77,125.19,123.57,124.89
06/10/19,125.3,125.92,124.94,125.67
06/11/19,126,126.5,125,125.62
06/12/19,126.1,126.1,124.9,125.07
6/13/2019,125.4,125.5,124.55,125.42
6/14/2019,125.03,125.25,124.31,124.52
6/17/2019,125.1,125.1,122.84,123.08
6/18/2019,123.2,123.59,122.61,123.14
6/19/2019,123.5,124.1,122.52,123.03
6/20/2019,122.97,124.65,122.5,124.49
6/21/2019,124.4,124.4,123.51,123.68
6/24/2019,125,127.49,123.05,123.41
6/25/2019,124.15,125,122.9,124.07
6/26/2019,124.82,124.82,123.58,124.65
6/27/2019,125,125.46,124.5,124.82
6/28/2019,125.6,125.6,124,124.29
07/01/19,125,125.2,124.51,124.93
07/02/19,125.6,125.6,124.2,125.3
07/03/19,125.02,125.6,125,125.48
07/04/19,126,126.17,125.1,126.04
07/05/19,126.2,126.77,124.4,124.61
07/08/19,125.5,125.5,121.58,121.94
07/09/19,123.89,123.89,121,121.8
07/10/19,122.5,122.55,121.1,121.35
07/11/19,122.3,122.3,121.51,122.2
07/12/19,122.45,122.7,121.55,121.97
7/15/2019,122.5,122.5,121.7,122.22
7/16/2019,123,123.11,121.91,122.95
7/17/2019,123.65,123.65,122.75,123.27
7/18/2019,123.2,123.35,122.32,122.56
7/19/2019,126,126,120.55,120.72
7/22/2019,122.2,122.2,119.49,119.9
7/23/2019,120.5,120.7,119.45,119.69
7/24/2019,121.89,121.89,118.74,119.14
7/25/2019,122.49,122.49,118.84,118.99
7/26/2019,119.68,119.68,118.5,119.32
7/29/2019,119.5,119.5,118,118.36
7/30/2019,118.38,119,117.1,117.25
7/31/2019,117.3,117.78,114.41,117.58
08/01/19,117.5,117.6,115.1,116.27
08/02/19,116,117.09,114.9,116.34
08/05/19,116.1,116.1,114.2,115.15
08/06/19,115,116.5,114.34,115.87
08/07/19,117.89,117.89,114.71,114.91
08/08/19,115.9,117.42,114.83,116.94
08/09/19,118,118.35,117,117.62
8/13/2019,118.2,118.3,115.5,115.76
8/14/2019,116.49,117.27,115.72,116.71
8/16/2019,117,117.68,115.75,117.01
8/19/2019,118,118.03,116.9,117.13
8/20/2019,117.4,117.4,116.3,116.71
8/21/2019,117,117.38,115.5,115.68
8/22/2019,116.3,116.3,113.65,113.87
8/23/2019,114.1,115.13,112.8,114.74
8/26/2019,116.9,118,114.02,117.09
8/27/2019,117.2,118,116.7,117.45
8/28/2019,117.8,117.8,116.43,116.86
8/29/2019,117,117.2,115,116.12
8/30/2019,116.9,116.9,115.12,116.61
09/03/19,116.5,116.5,114.2,114.52
09/04/19,116,116,114,114.89
09/05/19,114.89,115.7,114.3,114.98
09/06/19,115.5,116.16,115.04,115.97
09/09/19,116.5,116.8,115.24,116.43
09/11/19,116.99,117.1,115.01,116.78
09/12/19,117.4,117.4,116.22,116.44
9/13/2019,116.9,117.45,116,117.31
9/16/2019,117.2,117.2,115.87,116.4
9/17/2019,116.99,117,114.44,114.66
9/18/2019,114.71,115.3,114.57,114.82
9/19/2019,114.87,114.87,113.11,113.52
9/20/2019,114.2,120.6,113.2,119.55
9/23/2019,120.5,123.65,120.5,123
9/24/2019,123,124.2,122.21,122.69
9/25/2019,123.3,123.3,121.05,121.36
9/26/2019,121.74,122.92,121.4,122.76
9/27/2019,122.76,123.8,121.63,122.09
9/30/2019,122.45,122.45,120.8,121.57
10/01/19,121.8,122.39,119.18,120.5
10/03/19,121.2,121.2,119.37,119.84
10/04/19,120.79,120.79,118,118.22
10/07/19,118.63,126,117.41,117.57
10/09/19,118.3,119.58,117.01,119.43
10/10/19,119.2,119.32,118,118.54
10/11/19,118.9,119.88,118.4,119.74
10/14/2019,120,120.55,119.45,119.89
10/15/2019,120.8,121.19,119.51,120.87
10/16/2019,121.35,121.47,120.75,120.95
10/17/2019,121.14,122.8,120.77,122.48
10/18/2019,122.8,123.7,122.2,123.46
10/22/2019,122,123.7,120.13,122.96
10/23/2019,123.5,123.5,122.21,123
10/24/2019,123.49,123.5,122.21,122.67
10/25/2019 19:00:00,123.8,123.8,121.61,122.54
10/27/2019 19:25:00,124,124,122.89,123.5
10/29/2019,123.9,124.82,123,124.68
10/30/2019,125,125.63,124.68,125.29
10/31/2019,126.5,126.5,125.36,125.5
11/01/19,125.4,126.36,125.24,126.14
11/04/19,126.5,126.7,125.91,126.34
11/05/19,126.6,126.6,125.71,126.06
11/06/19,126.4,126.88,125.5,126.48
11/07/19,126.48,128.89,126.3,126.98
11/08/19,126.69,127.5,125.88,126.06
11/11/19,126.2,126.6,125.5,126.49
11/13/2019,127,127,125.51,125.7
11/14/2019,126.19,126.19,124.97,125.55
11/15/2019,126,126.69,125.72,126.04
11/18/2019,126.6,126.6,125.67,125.73
11/19/2019,126.5,126.7,125.73,126.4
11/20/2019,126.9,127.41,126.53,126.83
11/21/2019,127.7,127.7,126.5,126.6
11/22/2019,126.69,126.69,125.85,126.44
11/25/2019,127.1,127.86,126.2,127.74
11/26/2019,129.5,129.5,127.31,127.51
11/27/2019,127.8,128.19,127.71,127.9
11/28/2019,127.8,128.5,127.8,128.41
11/29/2019,128.6,128.6,127.14,127.51
12/02/19,127.51,129.4,127.38,127.68
12/03/19,128.2,128.2,126.81,126.96
12/04/19,127.3,127.64,126.51,127.47
12/05/19,127,128.1,126.71,127.2
12/06/19,127.6,127.6,126.1,126.23
12/09/19,127.2,127.2,125.83,126.33
12/10/19,126.33,126.65,125.6,125.8
12/11/19,126.4,126.48,125.54,126.22
12/12/19,125.5,127.3,125.5,127.11
12/13/2019,127.11,128,127.1,127.91
12/16/2019,128.5,128.5,127.4,127.53
12/17/2019,128.29,128.8,127.51,128.62
12/18/2019,129,129.43,128.21,129.25
12/19/2019,129.2,130.33,129.05,130.2
12/20/2019,134.95,134.95,129.78,130.34
12/23/2019,131.2,131.25,129.28,129.93
12/24/2019,130.85,130.85,129.22,129.45
12/26/2019,130.35,130.35,128.51,128.69
12/27/2019,128.69,130.65,128.3,129.56
12/30/2019,130.45,130.5,129.19,130.26
12/31/2019,130.21,130.26,129.02,129.15
01/01/20,128.95,131,128.95,129.42
01/02/20,132,134.6,129.4,130.14
01/03/20,129.07,130.85,129.07,129.71
01/06/20,129.4,129.47,127.11,127.37
01/07/20,127.95,128.7,127.31,127.76
01/08/20,126.59,127.75,126.5,127.56
01/09/20,128.95,129.55,128.35,129.34
01/10/20,129.95,130.2,129.3,129.61
1/13/2020,127,130.5,124.4,130.41
1/14/2020,130.75,131.23,129.8,131.01
1/15/2020,131.4,131.45,130,131.01
1/16/2020,131.45,131.5,130,130.91
1/17/2020,131.45,131.45,130.5,131.19
1/20/2020,131.21,131.5,129.7,129.78
1/21/2020,130.35,130.35,129.05,129.27
1/22/2020,131.45,131.45,128.22,128.53
1/23/2020,129.45,129.45,128.2,129.31
1/24/2020,129.26,130.3,128.75,130.11
1/27/2020,129,130,128.55,128.73
1/28/2020,130.66,130.66,127.6,128.1
1/29/2020,128.75,129.2,128.05,128.76
1/30/2020,128.95,129,127.5,127.74
1/31/2020,127.95,128.43,126.9,127.17
02/01/20,127.35,127.78,123.6,124.09
02/03/20,124.76,126,123.5,124.42
02/04/20,125.25,126.93,124.05,126.75
02/05/20,126.1,128.1,126.1,127.91
02/06/20,127.86,129.05,127.55,128.94
02/07/20,129.15,129.15,127.74,128.19
02/10/20,129.85,129.85,127.31,127.91
02/11/20,128.05,129.95,128.05,128.3
02/12/20,128.85,129.35,128.6,129.19
2/13/2020,129.54,129.54,128.5,129.3
2/14/2020,129.54,129.69,128.09,128.38
2/17/2020,128.92,129,127.7,127.84
2/18/2020,126.95,128.5,126.55,127.34
2/19/2020,127.95,128.7,127,128.59
2/20/2020,128.55,128.8,128,128.36
2/24/2020,128.41,128.41,125.5,125.73
2/25/2020,126.35,126.4,125.11,125.34
2/26/2020,125.39,125.39,123.8,124.04
2/27/2020,123.55,124.49,122.54,123.64
2/28/2020,121.65,122.94,119.11,119.29
03/02/20,122.05,122.05,117.21,118.39
03/03/20,119.44,121.01,118.55,120.4
03/04/20,121.4,121.4,117.91,119.52
03/05/20,142.95,142.95,118.6,119.75
03/06/20,118.49,118.49,115.6,117.18
03/09/20,116.49,116.49,109.74,111.62
03/11/20,111.49,112.5,110.2,111.31
03/12/20,110,110,101.05,102.99
3/13/2020,91.26,120.85,91.26,106.36
3/16/2020,107.49,107.49,100,102.37
3/17/2020,102.55,105,97.25,99.2
3/18/2020,100.9,102.8,92.2,96.08
3/19/2020,94.5,94.5,87,89.47
3/20/2020,99.88,99.88,88,92.97
3/23/2020,87,94.83,81,83.52
3/24/2020,86,90,83.07,85
3/25/2020,85,90,84,89.46
3/26/2020,92,94.8,84,92.68
3/27/2020,93,96.4,90.87,91.26
3/30/2020,90,92.5,88.65,89.17
3/31/2020,90,92.65,89.7,91.94
04/01/20,91.94,91.94,89,89.35
04/03/20,90,91.2,86.35,86.59
04/07/20,90,92.8,88.25,92.41
04/08/20,91,98,90.65,92.82
04/09/20,93.95,96.5,93.4,96.23
4/13/2020,96.95,96.95,94.08,95.62
4/15/2020,97,97.9,94.55,95.2
4/16/2020,96,96,94,95.68
4/17/2020,98,98.7,96.4,98.21
4/20/2020,100.1,100.96,97.8,97.99
4/21/2020,91.1,105.99,91.1,95.6
4/22/2020,102,102,94.05,97.38
4/23/2020,96.28,98.85,96.28,98.62
4/24/2020,97.1,98.14,96.1,97.1
4/27/2020,97.15,99.05,97.1,98.43
4/28/2020,100.1,100.1,98.3,99.35
4/29/2020,100,101.7,99.4,101.12
4/30/2020,102,104.69,101.61,104.18
05/04/20,104.18,104.21,98.12,98.8
05/05/20,95.8,102.5,92.9,97.65
05/06/20,98.5,99,96.76,98.5
05/07/20,98.05,99,97.1,97.6
05/08/20,98.49,99.36,98,98.12
05/11/20,98.99,99.97,98.01,98.21
05/12/20,98.19,98.85,96.21,97.96
5/13/2020,95.9,106.8,95.9,99.69
5/14/2020,97.7,99.39,97.11,97.42
5/15/2020,97.5,98.9,96.37,97.08
5/18/2020,97.85,97.9,93.75,93.93
5/19/2020,95.01,95.99,94.2,94.34
5/20/2020,95.65,96.79,94.02,96.25
5/21/2020,97.45,97.46,95.5,96.69
5/22/2020,99,99,94.8,96.11
5/26/2020,98,98,84.6,96.21
5/27/2020,96.95,98.79,95.52,98.6
5/28/2020,98.95,100.7,98.7,100.37
5/29/2020,99.9,101.76,98.8,101.38
06/01/20,102,105.28,102,104.42
06/02/20,102,106,95,105.89
06/03/20,106.88,107.84,106.11,106.36
06/04/20,106.36,107.17,105.1,106.27
06/05/20,106.27,107.95,106.25,107.66
06/08/20,108.5,109.45,107.67,108.1
06/09/20,109,109.1,106.6,106.85
06/10/20,107.4,107.9,104.21,107.52
06/11/20,107.05,107.88,105.11,105.3
06/12/20,103.87,105.91,102.2,105.72
6/15/2020,105.65,105.72,103.39,104.51
6/16/2020,106.25,106.87,103.37,105.21
6/17/2020,104.93,106,104.32,104.92
6/18/2020,105.38,107.2,104.1,106.97
6/19/2020,107.8,109,106.1,108.79
6/22/2020,109.8,110.29,108.71,109.56
6/23/2020,110,111.28,109.25,111
6/24/2020,111,111.91,109.22,109.53
6/25/2020,109,109.95,108.01,109.05
6/26/2020,109.58,110.6,109.33,110.24
6/29/2020,110.24,111.1,108.72,109.74
6/30/2020,110.95,110.95,109.25,109.52
07/01/20,110.92,111.2,108.75,111.04
07/02/20,111.11,112.47,111.11,112.1
07/03/20,112.65,112.89,112.14,112.51
07/06/20,113.88,114.56,112.8,114.28
07/07/20,114.28,114.97,113.43,114.65
07/08/20,114.65,115.2,113.6,113.85
07/09/20,113.85,115.2,113.85,115.07
07/10/20,114.1,115.07,113.86,114.38
7/13/2020,117,117,114.26,114.86
7/14/2020,114.79,115.1,112.4,112.93
7/15/2020,113.99,114.99,112.61,112.97
7/16/2020,113.99,114.24,112.53,114.08
7/17/2020,114.9,116.17,114.15,115.81
7/20/2020,116.1,118,116.05,117.06
7/21/2020,117.16,118.73,116.8,118.54
7/22/2020,119,119.2,117.35,118.11
7/23/2020,118.98,119.2,117.11,119.08
7/24/2020,118.3,119.3,117.71,118.99
7/27/2020,118.99,119.95,118,118.39
7/28/2020,119.25,120.19,117.7,120.02
7/29/2020,135.6,135.6,118.8,119.26
7/30/2020,120.45,120.45,117.79,117.96
7/31/2020,116.01,118.6,116.01,118.02
08/03/20,118.02,119.5,116.05,116.17
08/04/20,116.3,118.15,116.25,118
08/05/20,118.02,119.24,117.64,118.03
08/06/20,118.95,119.68,118.18,119.02
08/07/20,119.6,119.65,118.16,119.35
08/10/20,119.1,120.39,119.1,119.97
08/11/20,120.9,120.98,120.05,120.44
08/12/20,120.25,120.75,119.27,120.33
8/13/2020,121.27,121.44,119.91,120.49
8/14/2020,121,121.27,118.33,119.26
8/17/2020,120.45,120.9,119,119.88
8/18/2020,120.15,121.07,119.3,120.97
8/19/2020,122.5,122.5,121,121.13
8/20/2020,120.45,120.82,119.33,120.42
8/21/2020,121.99,121.99,120.5,121.11
8/24/2020,122.49,139.3,121.11,122
8/25/2020,122.98,124.99,121.36,121.93
8/26/2020,135,135,121.8,122.75
8/27/2020,139,139,122.55,122.91
8/28/2020,129,129,122.9,124.04
8/31/2020,139,139,120.45,121.03
09/01/20,134.88,134.88,120,122.15
09/02/20,125,125,121.56,122.75
09/03/20,129.88,129.88,122.11,122.73
09/04/20,121.25,122.05,102.26,121.12
09/07/20,134.88,134.88,119,121.27
09/08/20,133.88,133.88,120.65,120.85
09/09/20,120.75,120.75,115.05,120.34
09/10/20,129,129,116.8,121.94
09/11/20,134.88,134.88,121.54,122.13
9/14/2020,127,127,121.52,122.13
9/15/2020,127,127,122.1,122.9
9/16/2020,141.3,141.3,120,123.71
9/17/2020,125.66,125.66,122,122.72
9/18/2020,130,130,111.7,122.66
9/21/2020,127.4,127.4,118.85,119.92
9/22/2020,115,125,115,118.91
9/23/2020,130,130,117.8,118.95
9/24/2020,120,120,115.56,115.76
9/25/2020,116.85,118.11,115,117.87
9/28/2020,120,120,117.91,119.75
9/29/2020,130,130,119.41,119.82
9/30/2020,122,122.42,118.55,119.93
10/01/20,120.5,121.74,119.72,121.61
10/05/20,125,125,120.05,122.38
10/06/20,124,124.2,120,124.03
10/07/20,127.45,127.45,116.6,124.89
10/08/20,127,127,123.3,125.91
10/09/20,130,130,125.7,126.99
10/12/20,124,128.1,124,126.96
10/13/2020,129,130,126,127.02
10/14/2020,127.55,127.69,125.8,127.42
10/15/2020,128,128,124,124.81
10/16/2020,125.44,125.92,124.6,125.62
10/19/2020,130,130,124.61,126.81
10/20/2020,130,130,125.25,126.77
10/21/2020,130,130,125.41,126.98
10/22/2020,128,128,126,126.73
10/23/2020,128,128,126.73,127.11
10/26/2020,146.2,146.2,125.2,125.81
10/27/2020,109.5,129.99,109.5,126.81
10/28/2020,119.2,145.8,119.2,125.4
10/29/2020,129.5,139,124,124.72
10/30/2020,130,138,123.4,124.57
11/02/20,127.69,127.69,123.4,124.37
11/03/20,126,126.24,124.05,126.01
11/04/20,139,139,114.7,127.03
11/05/20,133,133,127.51,129.12
11/06/20,129,130.8,126.51,130.61
11/09/20,132,133,131.16,132.73
11/10/20,144.7,144.7,132.94,134.72
11/11/20,154.9,154.9,122.6,135.83
11/12/20,144.7,144.7,134.65,135.26
11/13/2020,140,140,130,135.79
11/17/2020,154.88,154.88,136.51,137.39
11/18/2020,136,149.88,136,137.9
11/19/2020,120,143.88,120,136.25
11/20/2020,137,137.33,135,137
11/23/2020,149,149,136.62,137.76
11/24/2020,147.88,147.88,129.5,139.38
11/25/2020,154.74,154.74,137.2,137.39
11/26/2020,144,144,136.6,138.24
11/27/2020,150,150,133.04,138.38
12/01/20,149.7,149.7,133.1,139.79
12/02/20,154,154,138.6,139.96
12/03/20,141.23,143,139.91,140.12
12/04/20,143.2,143.2,139.95,141.27
12/07/20,143,143,140.5,142.29
12/08/20,154,154,141.3,142.86
12/09/20,146,146,140.5,144.41
12/10/20,154,154,143,143.82
12/11/20,148,148,142.8,143.93
12/14/2020,144.99,145.7,143.45,144.32
12/15/2020,146,146,143.4,144.61
12/16/2020,159,159,144,145.82
12/17/2020,154.8,154.8,145.56,146.56
12/18/2020,159,159,145.4,146.96
12/21/2020,146.94,146.96,140.55,142.5
12/22/2020,146.4,146.4,129.7,143.82
12/23/2020,143.95,145.31,143.28,145.12
12/24/2020,154.7,154.7,144.45,146.52
12/28/2020,159,159,146.25,147.78
12/29/2020,148.4,148.95,148.1,148.77
12/30/2020,149.41,149.5,148.1,149.27
12/31/2020,148.15,149.95,148.15,149.07
01/01/21,159.68,159.68,147.65,149.57
01/04/21,150.59,150.9,148.95,150.71
01/05/21,159.7,159.7,149.75,151.3
01/06/21,159.7,159.7,145.58,151.22
01/07/21,155,155,151.01,151.2
01/08/21,168.88,168.88,151.73,152.88
01/11/21,158,159.7,153.11,154.38
01/12/21,154.44,155.47,153.9,155.32
1/13/2021,156.15,156.15,154.31,155.6
1/14/2021,155.5,155.92,154.52,155.76
1/15/2021,155.95,155.95,153.5,154.11
1/18/2021,160.25,164.8,152.08,152.56
1/19/2021,153.9,155.6,153.32,155.45
1/20/2021,155.42,156.85,155.12,156.75
1/21/2021,169.7,169.7,155.34,156.02
1/22/2021,156.98,156.99,153.7,153.91
1/25/2021,174.88,174.88,152.22,152.46
1/27/2021,157.7,157.7,140.2,149.48
1/28/2021,149,149,147,147.99
1/29/2021,164.74,164.74,145.6,146.1
02/01/21,150,153,146.24,152.52
02/02/21,154.33,162,153.12,156.1
02/03/21,164.4,164.4,155.21,157.66
02/04/21,174.7,174.7,156.51,158.69
02/05/21,159.27,159.99,158.48,159.05
02/08/21,179.7,179.7,159.35,161.03
02/09/21,161.67,162.7,160.76,161.23
02/10/21,161.83,161.92,160.15,161.46
02/11/21,161.17,162.64,160.94,162.06
02/12/21,162.35,162.7,161.3,162.17
2/15/2021,163.17,165,159.75,163.93
2/16/2021,169.88,169.88,162.71,163.54
2/17/2021,164.98,164.98,162.01,162.59
2/18/2021,172.59,172.59,161.57,161.89
2/19/2021,161.57,164.19,159.55,160.42
2/22/2021,160.75,162.19,156.71,157.18
2/23/2021,158.69,164.6,157.1,157.59
2/24/2021,157.59,163.85,157.1,160.15
2/25/2021,161.46,162.39,160.82,161.87
2/26/2021,157,163.62,154.55,156.15
03/01/21,161.99,161.99,156.8,158.01
03/02/21,159.41,159.99,158.01,159.57
03/03/21,161.14,163.31,160.39,162.98
03/04/21,165,165,160,161.2
03/05/21,160.33,161.18,158.3,159.66
03/08/21,163.64,183.6,159.66,160.04
03/09/21,161.18,161.8,159.85,161.47
03/10/21,164.94,164.94,161.56,162.16
03/12/21,163.99,163.99,159.89,160.63
3/15/2021,161,161.01,158.1,159.96
3/16/2021,163.19,164.6,159,159.79
3/17/2021,183.48,183.48,157.52,157.88
3/18/2021,159.49,159.49,155.31,156.12
3/19/2021,158.59,158.59,153.86,157.87
3/22/2021,178.88,178.88,137.3,157.33
3/23/2021,178.48,178.48,157.16,158.35
3/24/2021,174.88,174.88,155.91,156.09
3/25/2021,156.53,156.55,153.25,153.86
3/26/2021,183.48,183.48,154.11,155.21
3/30/2021,179.88,179.88,153.81,158.42
3/31/2021,177.48,177.48,156.8,157.16
04/01/21,137.05,177,137.05,158.7
04/05/21,156.01,174,155.01,156.96
04/06/21,152.3,159.98,152.1,157.39
04/07/21,159.4,159.4,155.61,158.82
04/08/21,159.8,160,154.1,158.87
04/09/21,159.6,159.6,158.1,158.78
04/12/21,179.88,179.88,150.1,154.08
4/13/2021,174.88,174.88,153.45,155.5
4/15/2021,174.88,174.88,152.41,155.93
4/16/2021,154.95,157.18,154.45,156.42
4/19/2021,156.18,156.23,151.77,154.09
4/20/2021,132,156.49,132,153.29
4/22/2021,169.83,169.83,151.92,154.27
4/23/2021,161,161,151.25,153.86
4/26/2021,158.4,158.4,153.91,155.17
4/27/2021,163,163,152.35,156.83
4/28/2021,158.64,159.09,155.36,158.9
4/29/2021,161.14,161.14,157.81,159.1
4/30/2021,157.94,158.68,155.15,157
05/03/21,156.49,157.42,154.56,156.97
05/04/21,164,164,155.15,155.55
05/05/21,158.9,158.9,151.35,156.81
05/06/21,163.5,163.5,156.2,157.54
05/07/21,159.4,159.4,155.2,158.53
05/10/21,160.4,160.4,158.55,159.69
05/11/21,159.2,159.31,157.74,158.94
05/12/21,161.9,161.9,157.24,157.69
5/14/2021,158.99,169,156.57,157.47
5/17/2021,155.6,159.72,155.6,159.52
5/18/2021,161.9,161.9,160,161.37
5/19/2021,161.37,162.9,160,160.67
5/20/2021,169,169,159.41,159.64
5/21/2021,174.9,174.9,159.75,162.1
5/24/2021,170,170,161.31,162.43
5/25/2021,178.88,178.88,162.01,162.53
5/26/2021,170,170,150.8,163.46
5/27/2021,170,170,162.23,164.12
5/28/2021,168.9,168.9,164,165.02
5/31/2021,179,179,155.1,166.79
06/01/21,179,179,166.42,166.88
06/02/21,166.75,167.6,164.41,167.29
06/03/21,167.3,177.7,167.3,168.17
06/04/21,174.9,174.9,159,168.15
06/07/21,174.4,174.4,168.15,168.63
06/08/21,169.64,169.64,167.2,168.57
06/09/21,174.4,174.4,159.3,167.59
06/10/21,174.39,174.39,165.05,168.6
06/11/21,173.9,173.9,167.2,169.33
6/14/2021,174.88,174.88,166.3,169.56
6/15/2021,173.98,174.4,169,170.27
6/16/2021,173.94,174.4,169.3,169.69
6/17/2021,179,179,168.1,168.79
6/18/2021,168.86,169.8,166.45,168.67
6/21/2021,168,169.39,166.5,169.07
6/22/2021,183.48,183.48,169.1,169.41
6/23/2021,173.8,173.8,168.5,168.68
6/24/2021,184.88,184.88,168.1,169.68
6/25/2021,170.68,170.68,165,170.4
6/28/2021,170.4,173.5,169.8,169.85
6/29/2021,184.43,184.43,166.66,169.33
6/30/2021,173.35,173.35,160.15,169.13
07/01/21,173.45,173.45,168.51,168.92
07/02/21,171.85,171.85,167.55,169.34
07/05/21,172.4,173.88,166.5,170.13
07/06/21,170.9,171,168.75,170.17
07/07/21,172.25,172.25,169.14,170.46
07/08/21,172.2,180.7,169.02,169.47
07/09/21,173.4,173.4,168.5,169.07
07/12/21,176.39,176.39,165.17,169.04
7/13/2021,172.85,172.85,169.25,170.17
7/14/2021,172.35,172.35,166.55,170.6
7/15/2021,184.9,184.9,169.5,171.28
7/16/2021,173.2,173.2,151.7,171.41
7/19/2021,174.94,174.94,169.02,169.77
7/20/2021,184.83,184.83,167.96,168.54
7/22/2021,172.6,172.6,168.81,170.36
7/23/2021,172.78,172.78,166.05,170.57
7/26/2021,174.84,174.84,169.1,170.28
7/27/2021,174.74,174.74,169.24,169.68
7/28/2021,172.55,172.55,167.4,169.34
7/29/2021,170.25,170.95,168.45,169.95
7/30/2021,179.9,179.9,135.51,169.69
08/02/21,174.69,174.69,170,171
08/03/21,172.58,173.4,161,173.27
08/04/21,174.75,175,173.15,174.67
08/05/21,177.4,177.4,172.55,175.13
08/06/21,188.75,188.75,174.65,174.85
08/09/21,177.8,177.8,170.15,175.41
08/10/21,175.9,176.25,174.82,175.63
08/11/21,188.95,188.95,160.15,175.37
08/12/21,176.7,176.7,174.55,176.17
8/13/2021,189.8,189.8,175.55,177.94
8/16/2021,179.9,179.9,176.6,178.6
8/17/2021,182.44,182.44,155.4,178.91
8/18/2021,194.75,194.75,174.63,178.76
8/20/2021,194,194,176.08,177.32
8/23/2021,193.43,193.43,177,178.1
8/24/2021,188.43,188.43,167.45,179.46
8/25/2021,193.95,193.95,179.2,179.47
8/26/2021,190,190,179,179.52
8/27/2021,184.83,184.83,168.7,180.24
8/30/2021,187.95,187.95,179.3,182.57
8/31/2021,193.43,193.43,182.01,184.55
09/01/21,187.7,187.7,171.16,184.31
09/02/21,185.25,186,180.25,185.96
09/03/21,172.31,193.39,172.31,186.91
09/06/21,186.96,188.45,186.96,187.55
09/07/21,187.95,188.4,186.6,187.17
09/08/21,188.44,188.44,186.35,187.14
09/09/21,193.39,193.39,186.05,187.42
9/13/2021,188.2,188.2,186.45,187.11
9/14/2021,214.83,214.83,180.16,187.54
9/15/2021,163.2,192.35,163.2,189.01
9/16/2021,191.95,191.95,188.6,190.22
9/17/2021,173.1,195.39,173.1,189.82
9/20/2021,187.45,190.24,187.4,187.86
9/21/2021,199.65,199.65,187.12,189.66
9/22/2021,192.84,192.84,189.06,189.69
9/23/2021,194.4,194.4,190,192.29
9/24/2021,197.4,197.4,188,192.63
9/27/2021,204.74,204.74,183.66,192.79
9/28/2021,221.7,221.7,189.86,191.44
9/29/2021,174.2,209,174.2,191.15
9/30/2021,197.44,197.44,189.2,190.11
10/01/21,193.5,193.5,188.42,189.22
10/04/21,187.05,197.39,187.05,191.03
10/05/21,191.65,192.3,189.7,192.2
10/06/21,199.39,199.39,187.1,190.19
10/07/21,187.05,193.07,187.05,191.82
10/08/21,197.44,197.44,190.15,192.58
10/11/21,193.12,194,167.5,193.09
10/12/21,219.8,219.8,182.6,193.66
10/13/2021,204.85,204.85,185.25,195.56
10/14/2021,205.28,205.28,195.75,197.11
10/18/2021,207.39,207.39,195.75,198.91
10/19/2021,198.16,207.8,197.99,198.41
10/20/2021,202.39,202.39,196.46,197.3
10/21/2021,201.44,201.44,190.05,196.08
10/22/2021,199.85,199.85,194.78,195.68
10/25/2021,198.65,198.65,194.06,195.71
10/26/2021,199.39,199.39,194.05,197.13
10/27/2021,203.39,203.39,194.1,196.54
10/28/2021,209,209,192.98,193.68
10/29/2021,209,209,182.1,191.16
11/01/21,208.88,208.88,191.36,193.84
11/02/21,206.9,206.9,183.6,193.1
11/03/21,200,200,190.1,192.58
11/04/21,207.88,207.88,185.11,193.59
11/08/21,200,200,192.6,195.37
11/09/21,200,200,193,194.88
11/10/21,199,199,192.93,194.66
11/11/21,199.9,199.9,192.1,193.25
11/12/21,198,198,191.25,195.46
11/15/2021,199.5,199.5,190,195.52
11/16/2021,199.5,199.5,194.15,194.47
11/17/2021,199.5,199.5,192.1,193.53
11/18/2021,197.44,197.44,191.33,192.14
11/22/2021,197.44,209.4,186,188.53
11/23/2021,193.4,193.4,177.2,189.4
11/24/2021,192.4,192.4,187.78,188.25
11/25/2021,188.7,189.85,187.12,189.51
11/26/2021,193,193,183.81,184.51
11/29/2021,187.66,187.66,180.1,184.55
11/30/2021,188,188,183.21,183.7
12/01/21,187.5,187.5,183.1,185.72
12/02/21,186.92,188.19,184.51,187.99
12/03/21,192.5,192.5,185.75,186
12/06/21,192.4,192.4,182.8,183.01
12/07/21,190,190,180.1,185.71
12/08/21,191,191,185.71,188.48
12/09/21,192.5,192.5,187.16,189.14
12/10/21,185,192.5,185,189.09
12/13/2021,192.4,192.4,187.6,187.9
12/14/2021,188.15,192.4,184.91,187.33
12/15/2021,192,192,185.45,186.25
12/16/2021,190,190,185,186.62
12/17/2021,190,190,182,183.77
12/20/2021,187.5,187.5,177.85,179.93
12/21/2021,185,185,180,181.45
12/22/2021,185,185,180.05,183.33
12/23/2021,187.5,187.5,183.5,184.1
12/24/2021,187.5,187.5,180.1,183.45
12/27/2021,187.49,187.49,178,184.55
12/28/2021,187.45,187.45,184.55,186.3
12/29/2021,188.9,188.9,182.5,186.12
12/30/2021,186.72,187.45,185.3,186.14
12/31/2021,188,188.77,185.15,187.79
01/03/22,190,190.95,185.3,190.72
01/04/22,198.91,198.91,189.2,192.46
01/05/22,195,195,191.3,193.34
01/06/22,193,193,190.75,191.92
01/07/22,194,194,191.4,192.42
01/10/22,193.7,194.5,192.45,194.35
01/11/22,196,196,193.25,194.69
01/12/22,197.5,197.5,195.05,196.2
1/13/2022,198.8,198.8,195.8,197
1/14/2022,199.85,199.85,195.5,197.36
1/17/2022,223,223,195.7,198.03
1/18/2022,199,199,195.6,195.97
1/19/2022,221.4,221.4,193,194.18
1/20/2022,195.8,195.8,191.1,192.18
1/21/2022,191.99,191.99,189.22,190.64
1/24/2022,196.8,196.8,184.05,185.79
1/25/2022,185.49,187.38,183.05,187.07
1/27/2022,194,194,182.7,185.33
1/28/2022,187.75,188.06,184.8,185.1
1/31/2022,199.88,199.88,185.25,187.63
02/01/22,190.8,190.8,178.11,189.7
02/02/22,194,194,189.7,192.12
02/03/22,195,195,189.6,190.01
02/04/22,193,193,189.01,189.59
02/07/22,193,193,185.39,186.34
02/08/22,190,190,184.5,186.81
02/09/22,199.85,199.85,187.1,189.03
02/10/22,191.5,191.5,188.5,190.11
02/11/22,192.5,192.5,187,188
2/14/2022,187.5,187.5,182.3,182.59
2/15/2022,185,187.88,182.59,187.59
2/16/2022,190,190,186.45,187.14
2/17/2022,190,190,186.17,186.93
2/18/2022,183.3,190,183.3,186.64
2/21/2022,190,190,184.69,186.29
2/22/2022,186,186,182.69,185.27
2/23/2022,187.99,187.99,184.58,185.05
2/24/2022,180.6,189.95,177,178.36
2/25/2022,185,185,179,180.85
2/28/2022,189.88,189.88,176.1,181.84
03/02/22,185,185,178.3,180.1
03/03/22,184.9,184.9,178.3,178.86
03/04/22,178.48,178.48,175.06,176.26
03/07/22,176.9,176.9,171.25,172.33
03/08/22,177.55,177.55,170.26,173.4
03/09/22,180,180,173.15,176.98
03/10/22,177.25,183.9,177.25,179.65
03/11/22,183,183,177.16,179.98
3/14/2022,182,182.99,178.35,182.61
3/15/2022,185,185,179.51,180.6
3/16/2022,183.6,183.8,181.8,183.66
3/17/2022,188,188,185.2,186.71
3/21/2022,190,190,182,185.38
3/22/2022,189,193.75,184.2,187.34
3/23/2022,190,190,185,186.34
3/24/2022,198,198,177.8,186.09
3/25/2022,187.12,187.12,185,185.82
3/28/2022,188.2,188.2,184.3,186.32
3/29/2022,190,190,184.15,187.22
3/30/2022,191.5,191.5,187.75,188.91
3/31/2022,190.5,190.5,188.15,188.87
04/01/22,189.94,190.96,185,190.47
04/04/22,190.5,195.35,190.5,195.19
04/05/22,196.74,197.15,194.1,194.55
04/06/22,194.24,194.24,192.7,193
04/07/22,193,193,191.06,191.26
04/08/22,195,195,189.13,192.76
04/11/22,193.54,193.54,191,191.67
04/12/22,189.86,210,189.2,190.42
4/13/2022,195,195,189.33,189.54
4/18/2022,188.55,188.55,185.25,186.23
4/19/2022,185,187.7,182.4,183.68
4/20/2022,191.89,191.89,182.2,185.86
4/21/2022,209.55,209.55,184.41,188.1
4/22/2022,188.24,188.24,184.75,186.09
4/25/2022,186.69,186.69,183.25,183.86
4/26/2022,194.88,194.88,184.47,186.11
4/27/2022,200,200,183.61,184.78
4/28/2022,188.5,194.88,184.8,186.41
4/29/2022,192.75,192.75,184.8,185.43
05/02/22,176.25,185.25,176.25,185.12
05/04/22,193.98,193.98,180.5,181.05
05/05/22,194.48,194.48,180.7,181.01
05/06/22,180.49,180.49,177.35,177.94
05/09/22,171,184.88,171,176.95
05/10/22,184.6,184.6,175.2,176.16
05/11/22,153.3,181.9,153.3,175.34
05/12/22,174.99,175,170.96,171.72
5/13/2022,178.9,178.9,171.01,171.4
5/16/2022,176.8,176.8,171,172.13
5/17/2022,176.9,176.9,171.01,176.44
5/18/2022,178.99,178.99,175.21,176.05
5/19/2022,175.99,175.99,171.5,171.7
5/20/2022,176.99,176.99,172.01,175.92
5/23/2022,178.99,178.99,174.9,175.53
5/24/2022,177.99,177.99,174.26,175.09
5/25/2022,176.8,176.8,173.26,174.13
5/26/2022,176.7,176.7,173,175.57
5/27/2022,179.8,179.8,175.15,177.1
5/30/2022,182.9,182.9,177.55,180.43
5/31/2022,180.99,180.99,177.25,179.87
06/01/22,180.19,180.7,178.55,179.59
06/02/22,180.99,180.99,178,180.68
06/03/22,183.5,184.99,180,180.21
06/06/22,181.99,181.99,176.25,180.15
06/07/22,181.88,181.88,177.25,178.56
06/08/22,181.86,181.86,177.5,178.08
06/09/22,179.99,179.99,176.33,179.4
06/10/22,178.99,178.99,176.14,176.46
6/13/2022,175.99,175.99,170.95,171.87
6/14/2022,172.99,172.99,170.06,171.3
6/15/2022,173.99,173.99,171,171.1
6/16/2022,172.9,172.9,167.31,167.56
6/17/2022,170.9,170.9,165.87,166.87
6/20/2022,169.9,169.9,165.7,167.31
6/21/2022,169.5,170.9,167.47,170.26
6/22/2022,171.99,171.99,167.8,168.08
6/23/2022,169.99,170.27,166.11,169.71
6/24/2022,172.99,172.99,169.9,171.16
6/27/2022,171,173.9,171,172.62
6/28/2022,173.99,173.99,171.3,172.65
6/29/2022,172.99,172.99,170.3,171.86
6/30/2022,172.99,172.99,170,171.6
07/01/22,172.38,172.38,169,171.64
07/04/22,172.9,172.9,170.65,172.63
07/05/22,175,175.99,170.11,172.04
07/06/22,174.68,174.68,170.91,174.12
07/07/22,175.35,175.7,174.4,175.54
07/08/22,178.99,178.99,175.58,176.28
07/11/22,178.88,178.88,175.08,176.23
07/12/22,175.9,176,174.7,175.1
7/13/2022,177.99,177.99,173.95,174.06
7/14/2022,176.44,176.44,172.11,173.93
7/15/2022,176.97,176.97,171.11,175.02
7/18/2022,176.7,177.5,175.55,177.39
7/19/2022,176.8,178.19,175.9,177.88
7/20/2022,182.8,182.8,178.7,179.53
7/21/2022,180.97,180.97,178.2,180.54
7/22/2022,177.11,182.87,177.11,181.89
7/25/2022,182.95,184.51,180.3,181.46
7/26/2022,176.1,181.95,176.1,179.91
7/27/2022,180.89,181.8,178.6,181.6
7/28/2022,184.5,184.5,180.11,184.18
7/29/2022,185,186.8,184.25,186.54
08/01/22,186.54,190,186.54,188.63
08/02/22,199.99,199.99,183,188.62
08/03/22,188.9,189.4,180.01,189.11
08/04/22,190.25,190.68,187.03,189.17
08/05/22,180.01,191.05,180.01,189.25
08/08/22,189.75,191.04,188.3,190.79
08/10/22,199.8,199.99,189.98,191.04
08/11/22,193.97,193.97,191.5,192.34
08/12/22,199.99,199.99,191.71,192.86
8/16/2022,199.74,199.74,192.9,194.09
8/17/2022,198.2,198.2,194.2,195.55
8/18/2022,196.5,196.89,194.2,195.71
8/19/2022,196.63,196.63,193.12,193.61
8/22/2022,168.4,194.06,168.4,190.95
8/23/2022,190.74,192.7,189.53,192.19
8/24/2022,192.9,192.9,191.2,192.63
8/25/2022,194.9,195.33,191.3,191.78
8/26/2022,192.9,193.4,191.41,191.92
8/29/2022,191.72,191.72,187.55,189.44
8/30/2022,187.55,194.19,187.55,193.92
09/01/22,193.7,193.7,190.85,191.82
09/02/22,192.45,199.16,182,191.61
09/05/22,192.9,193.1,190.87,192.98
09/06/22,194.44,194.88,191.95,192.48
09/07/22,192.4,192.65,188.02,192.37
09/08/22,199.88,199.88,192.51,194
09/09/22,195.44,195.51,194.18,194.6
9/13/2022,196.8,197.19,195.7,196.95
9/14/2022,196.74,197.2,193.1,196.27
9/15/2022,197.47,197.47,195,195.69
9/16/2022,195.65,195.65,191.56,191.9
9/19/2022,195.5,195.5,190.72,192.75
9/20/2022,194.95,195.49,193.2,194.44
9/21/2022,195.22,195.22,192.73,193.5
9/22/2022,193.49,193.91,191.9,192.92
9/23/2022,197.49,197.49,189.5,189.64
9/26/2022,194.5,194.5,185.84,186.21
9/27/2022,188.44,188.44,185.26,186.05
9/28/2022,185.95,186.22,183.8,184.47
9/29/2022,186.85,186.85,183.71,184.07
9/30/2022,189.88,189.88,181.8,186.83
10/03/22,184.6,187.93,183.97,184.25
10/04/22,186.8,188.5,185.36,188.29
10/06/22,188.31,194.88,188.31,188.94
10/07/22,193.88,193.88,187.91,189.19
10/10/22,188.94,189.05,186.63,188.75
10/11/22,190.75,190.75,185.45,185.87
10/12/22,176.11,187.69,176.11,187.21
10/13/2022,187.59,187.6,185.61,186.23
10/14/2022,192.2,192.2,187.7,188.02
10/17/2022,188.6,189,186.06,188.83
10/18/2022,190.3,190.99,189.25,190.64
10/19/2022,194.5,194.5,190.18,190.83
10/20/2022,191.5,191.68,188.91,191.44
10/21/2022,191.97,192.55,190.65,191.52
10/25/2022,195.17,195.17,191.57,192.49
10/27/2022,192.61,194.15,192.61,193.45
10/28/2022,194.7,194.7,193.01,193.96
10/31/2022,195.7,196.5,194.5,196.27
11/01/22,197.8,198.24,196.36,197.98
11/02/22,198.8,198.8,197.07,197.41
11/03/22,197.4,197.82,194.6,197.39
11/04/22,198.6,198.6,196.7,197.77
11/07/22,199,199.4,197.42,198.62
11/09/22,203.49,203.49,198.15,198.32
11/10/22,198.2,198.2,196.25,196.86
11/11/22,199.37,200.35,198.45,200.22
11/14/2022,200.7,200.96,199.02,200.17
11/15/2022,201.67,201.67,199.8,200.91
11/16/2022,201.95,201.95,200.28,200.87
11/17/2022,201.25,201.25,199.45,200.2
11/18/2022,201.25,201.25,199.06,199.92
11/21/2022,199.99,199.99,198.4,198.55
11/22/2022,199.73,199.73,198.01,199.23
11/23/2022,200.52,200.52,199.17,199.51
11/24/2022,200.72,202.22,199.45,201.72
11/25/2022,202.37,202.64,201.44,202.35
11/28/2022,203.52,203.52,200.91,203.04
11/29/2022,207.49,207.49,201.91,203.43
11/30/2022,207.48,207.48,202.75,204.7
12/01/22,207.49,207.49,204.73,205.54
12/02/22,207.49,207.49,203.9,204.81
12/05/22,207.49,207.49,203.65,204.44
12/06/22,206.48,206.48,203.5,204.14
12/07/22,203.87,207.24,202.6,202.87
12/08/22,176.5,203.8,176.5,203.62
12/09/22,207.49,207.49,201.71,202.48
12/12/22,204.8,205.8,200.55,202.61
12/13/2022,207.49,207.49,202.31,203.77
12/14/2022,204.99,204.99,203.77,204.35
12/15/2022,204.75,204.75,201.32,201.58
12/16/2022,202.35,202.35,200,200.16
12/19/2022,201.42,201.79,198.66,201.67
12/20/2022,203.85,203.85,199.25,201.21
12/21/2022,203.95,203.95,199,199.4
12/22/2022,199.4,202.31,197.9,198.55
12/23/2022,201.43,201.43,194.8,195.15
12/26/2022,198.51,198.51,194.8,197.23
12/27/2022,198.91,198.91,196.58,198
12/28/2022,198.95,198.95,197.01,197.99
12/29/2022,197.9,199.08,196.76,198.78
12/30/2022,199.9,200.14,197.7,198.04
01/02/23,200.99,201,197.49,199.34
01/03/23,199.95,199.95,198.39,199.68
01/04/23,200.9,200.9,197.4,197.67
01/05/23,198.95,198.95,195,197.07
01/06/23,198.15,198.15,194.99,195.72
01/09/23,195.76,199,195.72,198.28
01/10/23,198.28,199.18,195.62,196.13
01/11/23,195.88,198.99,195.25,196.13
01/12/23,202,202,194.55,195.61
1/13/2023,196.9,197.15,194.73,196.61
1/16/2023,196.61,198.5,195.6,196.06
1/17/2023,196,198,195.81,197.47
1/18/2023,199,199,197.18,198.65
1/19/2023,199.41,199.41,197.67,198.43
1/20/2023,199.89,199.89,197.31,197.45
1/23/2023,198.59,199,197.61,198.44
1/24/2023,199.94,199.94,198,198.42
1/25/2023,199.44,199.44,195.6,196.04
1/27/2023,196.95,197.2,191.59,193
1/30/2023,194.9,194.9,190.5,193.25
1/31/2023,196.49,196.49,192.21,193.44
02/01/23,196.99,196.99,190.6,193.13
02/02/23,194.6,194.6,191.11,192.91
02/03/23,198.7,203.5,190.01,195.12
02/06/23,199.9,201,193.91,194.48
02/07/23,196.16,196.16,193.4,194.04
02/08/23,194.2,195.8,189.1,195.54
02/09/23,201.4,201.4,194.61,195.89
02/10/23,197.97,197.97,194.39,195.49
2/13/2023,195.49,198.2,193.93,194.6
2/14/2023,197.89,197.89,194.6,195.98
2/15/2023,196.98,197.37,194.13,197.08
2/16/2023,198.48,198.48,196.6,197.35
2/17/2023,198.89,198.89,195.75,196.3
2/20/2023,198.69,198.69,195.35,195.59
2/21/2023,196.25,196.52,193.25,195.26
2/22/2023,196.89,196.89,192.21,192.51
2/23/2023,194.49,194.49,191.44,192.01
2/24/2023,193.99,195,191.05,191.46
2/27/2023,192.87,192.87,189.73,190.56
2/28/2023,192.48,192.48,189.2,189.7
03/01/23,191.89,191.89,189.81,191.28
03/02/23,192.65,196.5,189.76,189.93
03/03/23,193.15,193.15,190.33,192.51
03/06/23,193.89,194.4,192.61,193.63
03/08/23,194.63,194.63,190.6,193.95
03/09/23,188.15,194.65,188.15,192.64
03/10/23,191.91,191.92,190,190.75
3/13/2023,192.65,192.65,187.65,188.12
3/14/2023,189.44,189.7,186.31,186.91
3/15/2023,192.5,192.5,185.76,186.1
3/16/2023,188.52,188.52,184.8,186.23
3/17/2023,189.52,189.52,185.9,187.42
3/20/2023,188.4,188.4,184.51,186.2
3/21/2023,187.89,187.9,186.01,187.46
3/22/2023,188.75,188.75,187.46,187.88
3/23/2023,189.79,189.79,186.67,186.91
3/24/2023,187.9,187.9,185.36,185.68
3/27/2023,186.64,187.15,185.6,186.18
3/28/2023,187.53,187.53,185.25,185.71
3/29/2023,187.49,187.49,185.01,187.09
3/31/2023,187.22,190,187.22,189.86
04/03/23,191.49,191.49,189.44,190.56
04/05/23,191.56,192.47,189.77,192.19
04/06/23,189.2,193.25,189.2,192.94
04/10/23,194.39,194.39,192.45,192.64
04/11/23,193.91,193.91,192.7,193.76
04/12/23,193.89,194.8,193.57,194.64
4/13/2023,194.63,195.1,193.8,194.77
4/17/2023,196,196,192.5,193.91
4/18/2023,194.91,194.91,192.66,193.24
4/19/2023,194,194,192.58,192.86
4/20/2023,194,194,192.48,192.99
4/21/2023,192.5,194.2,192.4,192.85
4/24/2023,194.4,194.4,192.8,193.95
4/25/2023,194.59,194.6,193.59,194.13
4/26/2023,194.5,194.75,193.5,194.62
4/27/2023,195.2,196.35,193.86,195.93
4/28/2023,196.8,197.72,195.74,197.29
05/02/23,198.5,199.7,196.11,198.39
05/03/23,199.79,199.79,197.28,197.68
05/04/23,199.45,199.61,197.03,199.44
05/05/23,199.89,199.89,197.67,197.84
05/08/23,197.95,199.99,197.84,199.71
05/09/23,200.4,200.49,199.05,199.7
05/10/23,200.2,200.37,199.08,200
05/11/23,200.99,200.99,199.96,200.35
05/12/23,200.27,200.45,199.06,200.26
5/15/2023,200.26,201.79,199.94,201.34
5/16/2023,200.25,202.25,200.25,200.51
5/17/2023,201.25,201.49,199,199.76
5/18/2023,201.39,201.49,198.8,199.05
5/19/2023,205,205,198.25,199.82
5/22/2023,200.49,200.93,199.05,200.74
5/23/2023,200.05,201.7,200.05,201.02
5/24/2023,201.49,201.5,199.81,200.24
5/25/2023,200.95,200.95,199.26,200.7
5/26/2023,201.89,203.27,200.05,202.85
5/29/2023,202.85,204.8,202.85,204.14
5/30/2023,205.49,205.49,202.53,204.36
5/31/2023,205.49,205.49,203.06,203.66
06/01/23,205.39,205.39,202.11,202.99
06/02/23,204.9,204.9,203.08,203.84
06/05/23,205.39,205.48,203.99,204.28
06/06/23,205.39,205.39,203.45,204.04
06/07/23,205.39,205.45,203.92,205.34
06/08/23,203.92,206.21,203.92,204.51
06/09/23,205.9,205.9,203.85,204.03
06/12/23,204.9,205.45,203.83,204.46
6/13/2023,205.48,205.52,204.3,205.45
6/14/2023,211.6,211.6,205.08,205.85
6/15/2023,206.39,206.39,204.69,205.31
6/16/2023,206.39,207.1,205.41,206.69
6/19/2023,206.69,208.98,205.51,205.87
6/20/2023,205.75,206.75,204.94,206.5
6/21/2023,206.04,207.46,206.04,206.87
6/22/2023,206.87,207.47,206.08,206.24
6/23/2023,212.45,212.45,204.8,204.98
6/26/2023,206.25,206.25,204.52,205.17
6/27/2023,207.36,207.36,205.36,206.46
6/28/2023,207.4,208.56,206.28,208.18
6/30/2023,209.6,210.91,208.09,210.61
07/03/23,213.45,213.45,210.9,212.3
07/04/23,218.65,218.65,212,213.06
07/05/23,218,218,212.3,212.92
07/06/23,218,219.3,212.05,213.96
07/07/23,220.4,220.4,212.5,212.72
07/10/23,218.4,218.4,210.15,212.64
07/11/23,219,219,212.66,213.45
07/12/23,214.95,214.95,213,213.25
7/13/2023,215,215,213.25,213.69
7/14/2023,215.46,215.46,213.56,214.83
7/17/2023,216.14,216.9,214.82,216.53
7/18/2023,216.91,217.8,216.1,217.02
7/19/2023,219.95,219.95,216.76,217.97
7/20/2023,219.9,219.9,217.16,219.51
7/21/2023,219.44,219.44,216.99,217.48
7/24/2023,219.38,219.38,216.54,216.73
7/25/2023,219.95,219.95,216.06,216.64
7/26/2023,219.7,219.7,213.65,217.72
7/27/2023,219.7,219.7,211.2,216.63
7/28/2023,218.78,218.78,215.5,216.34
7/31/2023,218.78,218.78,216,217.58
08/01/23,218,218.4,217.02,217.23
08/02/23,217.22,217.45,214,215.1
08/03/23,216.52,216.52,212.15,213.56
08/04/23,215.85,215.85,212.77,215.04
08/07/23,216.21,216.21,215.05,215.95
08/08/23,216.47,216.7,209.45,215.79
08/09/23,216.85,216.85,212.8,216.49
08/10/23,217.27,217.27,215.01,215.33
08/11/23,217.21,217.21,214.25,214.4
8/14/2023,217.82,217.82,211.65,214.51
8/16/2023,218.47,218.47,212.68,214.57
8/17/2023,218.17,218.17,208.15,213.7
8/18/2023,218.19,218.19,212.31,213
8/21/2023,213.69,213.98,212,213.5
8/22/2023,218.11,218.11,213.1,213.43
8/23/2023,216.4,216.4,212.78,214.37
8/24/2023,218.47,218.47,213.33,213.77
8/25/2023,207.35,214.48,207.35,212.76
8/28/2023,217.47,217.47,211,212.87
8/29/2023,217.47,217.47,212.8,213.16
8/30/2023,217.47,217.47,207.65,213.54
8/31/2023,207.15,217.47,207.15,212.77
09/01/23,216.87,216.87,212,214.27
09/04/23,217.47,217.47,207.85,215.59
09/05/23,216.98,216.98,215.13,215.84
09/06/23,217.17,217.17,215.08,216.22
09/07/23,217.17,217.5,209.75,217.29
09/08/23,218.47,218.78,215.42,218.41
09/11/23,219.55,220.5,217.18,220.38
09/12/23,221.98,221.98,219.4,220.19
9/13/2023,221.59,221.8,219.45,221.43
9/14/2023,222.73,222.73,221,221.53
9/15/2023,222.73,222.81,221.11,222.57
9/18/2023,222.25,222.57,216,221.92
9/20/2023,220.99,221,219.3,219.6
9/21/2023,213,226.2,213,217.63
9/22/2023,219.63,219.63,216.38,216.81
9/25/2023,218.79,218.79,216.08,216.8
9/26/2023,217.92,217.92,215.18,216.57
9/27/2023,218.47,218.47,210.05,217.56
9/28/2023,218.98,218.98,215.45,215.77
9/29/2023,222.25,222.25,209.3,216.75
10/03/23,223.25,223.25,210.25,215.57
10/04/23,222.05,222.05,213.53,214.4
10/05/23,220.85,220.85,214.41,215.53
10/06/23,214,218.7,214,216.62
10/09/23,223.1,223.1,214.71,215.48
10/10/23,221.95,221.95,215.01,217.13
10/11/23,214.65,220.39,214.65,218.76
10/12/23,225.3,225.3,216.64,218.6
10/13/2023,220.75,220.75,216.63,218.07
10/16/2023,222,222,216.07,217.9
10/17/2023,224.45,224.45,212.25,218.55
10/18/2023,219.59,219.59,216.92,217.2
10/19/2023,220.5,223.7,210.7,216.67
10/20/2023,219.7,219.7,213.65,215.3
10/23/2023,221.75,221.75,212.65,213.17
10/25/2023,215,216.6,210.95,211.48
10/26/2023,213,214.49,208.36,208.74
10/27/2023,210.49,215,208.5,210.57
10/30/2023,211.4,211.99,209.41,211.52
10/31/2023,212,214,210.7,210.98
11/01/23,213.95,213.95,209.58,209.99
11/02/23,213.99,213.99,210,211.64
11/03/23,212.26,213.77,212.05,212.69
11/06/23,218.7,218.7,212.1,214.56
11/07/23,215.24,215.25,212.78,214.49
11/08/23,215,215.2,213.81,214.83
11/09/23,215.99,217,214.03,214.3
11/10/23,214.99,214.99,213.25,214.24
11/13/2023,215.9,215.99,214.3,214.55
11/15/2023,215.3,217.23,213.7,216.97
11/16/2023,217.99,219.25,216.6,218.16
11/17/2023,224,224,216,218.02
11/20/2023,218.99,218.99,217.07,217.35
11/21/2023,219.25,219.25,214,218.39
11/22/2023,219.3,219.3,216,218.53
11/23/2023,219,219.2,216.01,218.56
11/24/2023,225.1,225.1,218.19,218.48
11/28/2023,225.05,225.05,211.95,219.56
11/29/2023,221.99,221.99,219.31,221.66
11/30/2023,228.3,228.3,220.38,222.13
12/01/23,223.99,223.99,221,223.75
12/04/23,230.45,230.45,225.5,228.18
12/05/23,228.45,230.28,228.39,230.06
12/06/23,231.99,231.99,229.8,230.94
12/07/23,231.99,231.99,228.15,230.83
12/08/23,231.99,231.99,228,231.36
12/11/23,229.01,232.1,229.01,231.79
12/12/23,232.99,232.99,230.5,230.96
12/13/2023,231.99,231.99,229.63,231.15
12/14/2023,232,234.5,231.51,233.99
12/15/2023,236.25,237,234.01,236.62
12/18/2023,236.98,237,233.65,236.57
12/19/2023,237.99,237.99,235.33,236.7
12/20/2023,237.99,238.88,233,233.25
12/21/2023,226.25,238,226.25,234.6
12/22/2023,235.99,236.35,232.01,235.5
12/26/2023,236.99,237.3,234.88,236.93
12/27/2023,239.7,239.7,236.18,238.91
12/28/2023,240,240.5,238.88,240.16
12/29/2023,247.35,247.35,238,239.65
01/01/24,240.99,241.14,238.01,240.35
01/02/24,241,241,238,239.21
01/03/24,240,240,237.5,237.74
01/04/24,237.7,239.59,237.19,239.3
01/05/24,239.8,240,238.01,239.74
01/08/24,242,242,237.5,237.68
01/09/24,239.99,239.99,237.5,237.78
01/10/24,238.99,238.99,236.76,238.76
01/11/24,239.7,239.7,238.01,238.87
01/12/24,239.01,242.35,239.01,241.73
1/15/2024,241.73,244.3,241.73,244.07
1/16/2024,244.6,244.99,242.41,243.24
1/17/2024,240.99,243,238.1,238.38
1/18/2024,237.99,238.21,233.3,237.51
1/19/2024,239.99,239.99,237.75,239.15
1/23/2024,241.9,241.9,234.5,234.87
1/24/2024,235.68,237.59,233.5,237.29
1/25/2024,238,238,235.1,236.15
1/29/2024,238,240.4,236.15,240.05
1/30/2024,241.99,241.99,237.95,238.13
1/31/2024,238.78,240.48,237.5,240.26
02/01/24,241.99,241.99,239.48,240.03
02/02/24,243.4,244.28,240.01,241.3
02/05/24,248.55,248.55,239.9,240.24
02/06/24,247.45,247.45,237.65,242.01
02/07/24,249.25,249.25,234.75,242.35
02/08/24,242.35,243.38,239.9,240.28
02/09/24,240.9,241.02,239,240.78
02/12/24,241,242.5,238.97,239.32
2/13/2024,246.5,246.5,238.7,240.59
2/14/2024,239.9,241.99,237.55,241.55
2/15/2024,242.99,243,241.2,242.72
2/16/2024,244,244.23,242.58,243.99
2/19/2024,244.5,245.75,243.58,245.04
2/20/2024,246.99,246.99,243.01,245.37
2/21/2024,246,246.29,243.5,243.87
2/22/2024,244.5,246.21,242.45,245.79
2/23/2024,246.89,246.89,245.16,245.69
2/26/2024,245.5,246.5,244.02,244.87
2/27/2024,245,245.71,244,245.5
2/28/2024,242.3,246.88,242.3,243.07
2/29/2024,244.99,244.99,241.01,243.25
03/01/24,244.58,246.99,243.05,246.85
03/04/24,248.99,249.98,247.08,247.83
03/05/24,248.87,248.87,246.71,247.34
03/06/24,248.99,248.99,246.1,248.62
03/07/24,248.7,249,248.13,248.67
03/11/24,248.67,249.8,247.02,247.45
03/12/24,248.99,248.99,246.01,247.42
3/13/2024,248.89,248.89,242.75,243.71
3/14/2024,244.38,245.9,242.28,245.39
3/15/2024,244.9,245.38,242.66,243.8
3/18/2024,251.1,251.1,242.58,243.98
3/19/2024,243.97,243.98,241.37,241.6
3/20/2024,242.99,242.99,240.54,241.58
3/21/2024,243.8,248.85,242.18,243.99
3/22/2024,244.78,245.4,242.5,244.74
3/26/2024,243.25,246.1,241.75,243.79
3/27/2024,247,247,240.75,244.96
3/28/2024,246.1,248.69,243.88,246.96
04/01/24,254.35,254.35,246.48,248.19
04/02/24,248.97,249.48,246.65,248.65
04/03/24,248.99,249.48,246.18,248.59
04/04/24,249.59,250.6,247.23,249.23
04/05/24,248.11,250.17,248.1,249.05
04/08/24,250.47,250.95,248.18,250.75
04/09/24,251.8,252.58,250.38,250.74
04/10/24,254.69,254.69,246.2,251.57
04/12/24,251.99,253.1,249.21,249.56
4/15/2024,249.48,249.99,245.99,246.87
4/16/2024,246.99,246.99,244.65,245.52
4/18/2024,252.9,252.9,243.35,243.94
4/19/2024,243.48,245.7,241.31,245.53
4/22/2024,246.09,247.9,245.68,247.31
4/23/2024,249.99,249.99,246.5,247.82
4/24/2024,249.75,249.75,247.52,247.94
4/25/2024,248.99,249.95,246.28,249.27
4/26/2024,248.58,250.88,248.05,248.44
4/29/2024,246.3,251.4,246.3,250.59
4/30/2024,252.99,252.99,247.01,250.06
05/02/24,250.99,251.3,249.05,250.84
05/03/24,252.57,252.58,247.66,248.75
05/06/24,250.99,250.99,248,248.37
05/07/24,253.89,253.89,245.25,247.11
05/08/24,249.89,249.89,245.12,247.24
05/09/24,247.87,247.87,243.2,243.49
05/10/24,244.01,245.67,243.08,244.97
5/13/2024,252.3,252.3,242.27,245.16
5/14/2024,249.89,249.89,243.7,246.61
5/15/2024,249.59,249.59,245,246.42
5/16/2024,247.99,248.5,244.91,248.18
5/17/2024,249.99,249.99,247.01,248.73
5/21/2024,247.48,250.25,247.48,249.74
5/22/2024,250.99,250.99,249.29,250.36
5/23/2024,251.99,254.74,249.55,254.29
5/24/2024,254.67,255.71,253.08,254.98
5/27/2024,254.18,256.76,254.01,254.72
5/28/2024,255.57,255.58,254,254.2
5/29/2024,253.88,253.98,252.1,252.37
5/30/2024,253.85,253.85,249.51,250.35
5/31/2024,251.67,252.12,250,251.15
06/03/24,258.7,265,252.3,258.14
06/04/24,259.87,260.28,246.5,250.48
06/05/24,253.99,254.35,242.13,251.3
06/06/24,252.99,254.1,250.01,252.98
06/07/24,253.88,258.81,252.19,258.42
06/10/24,259.45,259.62,257.4,257.94
06/11/24,258.35,259.62,257.02,258.8
06/12/24,261.99,261.99,257.85,259.39
6/13/2024,260,260.74,259.28,260.3
6/14/2024,260.65,261,259.46,260.65
6/18/2024,260.68,262.5,260.65,261.56
6/19/2024,262.5,262.68,260.11,261.38
6/20/2024,261.95,262.35,260.48,261.72
6/21/2024,263.99,263.99,260.01,260.87
6/24/2024,260.49,261.94,259.1,261.66
6/25/2024,262.35,263.9,255,263.59
6/26/2024,264.78,265.25,262.18,265.01
6/27/2024,264.76,267.44,264.4,266.95
6/28/2024,267.88,268.5,266.95,267.48
07/01/24,267.99,269,267,268.3
07/02/24,271.99,271.99,268.05,269.03
07/03/24,269.38,271.38,269.15,270.23
07/04/24,271.49,271.7,270.18,270.53
07/05/24,271.99,271.99,269.31,270.53
07/08/24,270.12,271.45,269.6,270.04
07/09/24,270.19,271.49,269.62,271.38
07/10/24,272.28,272.28,268.61,270.92
07/11/24,274.99,274.99,269.52,270.75
07/12/24,271.59,273,270.62,271.94
7/15/2024,271.5,273.88,271.5,273.09
7/16/2024,273.19,274.15,272.4,273.55
7/18/2024,274.99,275.82,272.1,275.51
7/19/2024,276.48,276.48,273,273.29
7/22/2024,273.3,273.99,271.11,272.45
7/23/2024,272.75,273.5,268.11,272.64
7/24/2024,272.77,272.78,270.75,271.89
7/25/2024,270.78,272.3,269.28,271.92
7/26/2024,272.3,276.25,271.5,276.06
7/29/2024,276.9,278.2,276.1,276.68
7/30/2024,268.4,277.96,268.4,277.1
7/31/2024,277.2,278.09,276.8,277.75
08/01/24,273.01,279.11,273.01,278.33
08/02/24,276.67,277.28,275.5,275.69
08/05/24,272.99,273,266.56,269.48
08/06/24,271.88,272.94,267.2,267.61
08/07/24,269.5,271.44,269.18,271.1
08/08/24,270.75,271.18,268.75,269.33
08/09/24,271.5,272.33,270.81,271.59
08/12/24,271.77,272.8,270.25,271.44
8/13/2024,271.87,271.95,269.1,269.52
8/14/2024,269.95,270.5,269.1,269.34
8/16/2024,271.78,274.14,270.3,273.81
8/19/2024,274.39,275.48,273.9,274.43
8/20/2024,274.95,276.25,274.38,275.83
8/21/2024,275.95,276.34,275.02,276.12
8/22/2024,276.99,277.49,276.08,276.48
8/23/2024,275.78,277.15,275.78,276.6
8/26/2024,278,279.11,276.78,278.84
8/27/2024,279.15,279.35,278.09,278.7
8/28/2024,278.39,280.02,278.3,278.94
8/29/2024,280.6,280.6,278.38,280.1
8/30/2024,281.37,281.75,279.88,281.08
09/02/24,280.01,283.99,280.01,281.45
09/03/24,281.73,282.2,281.25,281.72
09/04/24,281.4,281.5,278.78,281.28
09/05/24,282,282.35,280.26,280.43
09/06/24,280.28,280.58,277.2,277.82
09/09/24,277.88,278.44,276.48,277.68
09/10/24,278.35,279.96,277.25,279.2
09/11/24,279.58,279.79,277.19,277.54
09/12/24,278.48,283.2,278.26,282.71
9/13/2024,283.65,283.75,281.71,283.19
9/16/2024,283.5,284.15,283,283.27
9/17/2024,283.47,284.1,282.83,283.89
9/18/2024,284.28,284.52,282.2,283.36
9/19/2024,283.38,285.7,283.38,283.92
9/20/2024,284.35,287.7,283.75,287.1
9/23/2024,288.06,290.1,287.41,289.34
9/24/2024,289.77,289.88,288.5,289.3
9/25/2024,289.38,290.43,288.51,290.09
9/26/2024,290.39,291.91,289.38,291.55
9/27/2024,291.95,292.5,291.35,291.97
9/30/2024,283.2,293.99,283.2,288.38
10/01/24,288.78,289.32,287.5,288.27
10/03/24,286.48,286.97,282.05,282.69
10/04/24,283.19,284.51,279.35,280.15
10/07/24,281.45,281.58,276.08,278.01
10/08/24,278.99,279.85,276.66,279.4
10/09/24,281.99,281.99,278.23,278.72
10/10/24,280.99,280.99,279,279.3
10/11/24,282,287.7,277.51,278.72
10/14/2024,280.99,280.99,278,280.76
10/15/2024,282,282.09,279.33,279.83
10/16/2024,281.99,281.99,278.16,278.5
10/17/2024,279.24,279.35,276.3,276.69
10/18/2024,278.99,278.99,274.5,277.53
10/21/2024,279.99,279.99,275.44,276.47
10/22/2024,276.28,277.73,273.23,273.56
10/23/2024,274.05,274.94,272.39,273.09
10/24/2024,273.78,273.78,271.92,272.12
10/25/2024,271.8,275,269,270.48
10/28/2024,272.99,273.73,269.8,271.97
10/29/2024,272.7,273.8,270.01,273.59
10/30/2024,273.98,273.98,271.82,272.16
10/31/2024,273.99,273.99,270.4,270.64
11/04/24,273.99,273.99,266.33,268.47
11/05/24,268.68,271,266.71,270.79
11/06/24,272.18,274.4,270.68,273.91
11/07/24,274,274.39,270.41,270.7
11/08/24,271.18,271.48,269.17,270.03
11/11/24,272.98,272.98,268.43,269.96
11/12/24,272.98,272.99,266.81,267.18
11/13/2024,268.98,268.99,263,263.64
11/14/2024,265.65,265.65,255.75,263.57
11/18/2024,264.99,265.08,261.25,262.47
11/19/2024,264.99,265.99,262.38,263.07
11/21/2024,264.95,264.95,260.52,261.29
11/22/2024,262.99,267.34,261.06,266.86
11/25/2024,270.99,271.8,269.31,270.73
11/26/2024,273.99,273.99,269.9,270.54
11/27/2024,272.99,272.99,270,271.54
11/28/2024,273.99,273.99,267.21,267.68
11/29/2024,269.99,270.56,267,269.88
12/02/24,271.99,271.99,267.5,271.38
12/03/24,271.98,273.2,271.22,272.98
12/04/24,273.94,274.1,272.1,273.43
12/05/24,273.45,277.53,271.8,275.92
12/06/24,277.99,277.99,275.04,275.88
12/09/24,276.99,276.99,274.69,275.14
12/10/24,276.78,276.78,274.11,274.68
12/11/24,275.99,275.99,273.01,274.97
12/12/24,275.99,276.24,273.01,274.1
12/13/2024,274.88,276.39,269.9,276.08
12/16/2024,276.89,276.89,274.8,275.48
12/17/2024,275.89,275.89,271.8,272.22
12/18/2024,271.61,272.99,270.15,270.7
12/19/2024,269.99,276.42,266.22,268.39
12/20/2024,267.11,269.32,263.7,264.15
12/23/2024,266.99,269,264.55,265.66
12/24/2024,264.62,266.88,264.62,265.49
12/26/2024,257.55,269.85,257.55,265.67
12/27/2024,265.05,267.5,265.05,266.39
12/30/2024,267.77,267.77,263.95,264.37
12/31/2024,262.7,265,262.51,264.47
01/01/25,264.47,266.28,263.5,265.59
01/02/25,266.99,270.23,265.2,269.89
01/03/25,270,270.99,268.06,268.41
01/06/25,268.05,269.6,263.61,264.48
01/07/25,266.25,266.25,263.71,265.16
01/08/25,265.95,266.04,262.8,264.92
01/09/25,264.75,265.5,262.9,263.15
01/10/25,263.25,263.87,261.15,262.22
1/13/2025,261.5,261.9,258.01,258.4
1/14/2025,260.95,260.95,258.45,259.26
1/15/2025,260.25,260.48,258.77,259.58
1/16/2025,260.95,261.7,260.01,260.72
1/17/2025,260.8,260.8,258.6,259.77
1/20/2025,259.77,261.88,259.41,261.29
1/21/2025,262.29,262.47,257.34,257.91
1/22/2025,259.8,259.8,257.18,258.85
1/23/2025,259,260.32,257.68,259.51
1/24/2025,260.3,260.95,257.7,258.19
1/27/2025,257.49,257.68,255.14,255.69
1/28/2025,257,259.14,255.95,257.33
1/29/2025,258.5,259.5,257.2,259.38
1/30/2025,259.05,260.98,259,260.22
1/31/2025,261,263.17,259.7,263
02/03/25,261.65,261.65,260,261.47
02/04/25,263,265.22,261.49,265.05
02/05/25,265.95,265.95,265,265.25
02/06/25,265.2,267.99,263.85,264.37
02/07/25,265.5,265.5,262.6,263.75
02/10/25,265.99,265.99,261.2,261.9
02/11/25,262.99,262.99,257.52,258.55
02/12/25,259.75,259.75,255.6,258.27
2/13/2025,259.99,260.49,257.73,258.17
2/14/2025,259.99,259.99,255.35,256.95
2/17/2025,257.95,257.95,255.01,257.11
2/18/2025,256.28,257.7,255.4,256.84
2/19/2025,257.99,258.44,255.62,256.89
2/20/2025,257.99,257.99,255.75,256.85
2/21/2025,257.99,257.99,254.8,255.53
2/24/2025,255.2,255.2,252.5,252.87
2/25/2025,252.98,253.58,252.31,252.75
2/27/2025,253.8,253.8,252.06,252.56
2/28/2025,252.95,252.95,248.08,248.45
03/03/25,255.9,255.9,246.64,248.05
03/04/25,247.74,247.78,246.08,247.49
03/05/25,248.7,251,246.3,250.48
03/06/25,252.9,252.9,249.43,252.75
03/07/25,252.7,253.74,251.7,252.84
03/10/25,252,254.95,251.4,251.75
03/11/25,251.99,252.4,249.91,252.08
03/12/25,253.99,253.99,250.35,251.74
3/13/2025,252.9,252.9,250.8,251.06
3/18/2025,254.89,256,252.66,255.82
3/19/2025,256.8,256.94,255.48,256.7
3/20/2025,258.99,259.6,256.7,259.32
3/21/2025,260,261.59,258.58,261.09